UserID,First Name,Last Name,Email
 @user123,James,Gearheart,J.Gearheart81@yahoo.com
 user456,Katy,Marsh,K.Marsh90@gmail.com
 moviefan789,Thea,Blanco,T.Blanco26@yahoo.com
 forumuser1,Florence,Oliver,F.Oliver82@yahoo.com
 foodie22,Mike,Luhman,M.Luhman13@outlook.com
 shopper123,John,Smith,J.Smith50@yahoo.com
 musiclover456,Elizabeth,Titus,E.Titus51@outlook.com
 testimonialuser1,Ethel,Trombetta,E.Trombetta50@outlook.com
 user123,Louise,Shook,L.Shook88@outlook.com
 bookworm789,Benjamin,Pittman,B.Pittman78@yahoo.com
 shopper789,Norman,Cota,N.Cota79@outlook.com
 travelenthusiast1,Edith,Cervantes,E.Cervantes14@gmail.com
 foodlover123,Joseph,Shaw,J.Shaw9@outlook.com
 musiclover789,Timothy,Yazzie,T.Yazzie20@outlook.com
 user789,Thomas,Cruz,T.Cruz49@outlook.com
 thrillseeker1,Carl,Roseberry,C.Roseberry98@outlook.com
 buyer123,Melina,Hodges,M.Hodges89@gmail.com
 musicfan456,Anthony,Hale,A.Hale25@outlook.com
 user1234,Bruno,Perry,B.Perry36@gmail.com
 cinephile789,Jamie,Griffin,J.Griffin39@yahoo.com
 shopper456,Michael,Arnold,M.Arnold33@gmail.com
 booklover123,Elizabeth,Harris,E.Harris57@yahoo.com
 buyer789,Wilbur,Powell,W.Powell36@gmail.com
 traveler456,Bobbie,Collier,B.Collier37@yahoo.com
 traveladdict1,Darrin,Mckenzie,D.Mckenzie31@gmail.com
 foodie789,Ronald,Burriss,R.Burriss39@gmail.com
 gymrat123,Kenneth,Duggan,K.Duggan67@yahoo.com
 user987,Glenda,Wilson,G.Wilson42@gmail.com
 thrillseeker2,Eddie,Mason,E.Mason0@outlook.com
 customer123,Cody,Adkins,C.Adkins6@gmail.com
 musiclover987,Peter,Heavrin,P.Heavrin73@gmail.com
 user7890,Lorri,Pitcock,L.Pitcock28@yahoo.com
 foodie123,Lisa,Kessler,L.Kessler44@yahoo.com
 shopper246,James,Dreyer,J.Dreyer16@yahoo.com
 bookworm567,Andrew,Getz,A.Getz73@outlook.com
 shopper7890,Alice,Bielecki,A.Bielecki86@gmail.com
 user9876,Rose,Leone,R.Leone24@yahoo.com
 musiclover7890,Isabel,Vidales,I.Vidales63@gmail.com
 foodcritic123,Carolyn,Deshotel,C.Deshotel17@gmail.com
 playlistlover456,Norma,Walker,N.Walker13@yahoo.com
 user24680,Ladonna,Perez,L.Perez52@yahoo.com
 thrillseeker789,Larry,Young,L.Young23@gmail.com
 buyer7890,Bianca,Rothrock,B.Rothrock0@yahoo.com
 musicfan567,Kathleen,Salvador,K.Salvador74@outlook.com
 user123456,Iva,Harmon,I.Harmon51@gmail.com
 foodie246,Lawrence,Simon,L.Simon21@gmail.com
 moviegoer789,Glenda,Loggins,G.Loggins65@outlook.com
 gamer123,Agatha,Scott,A.Scott14@yahoo.com
 traveler246,Darrell,Davis,D.Davis15@yahoo.com
 bookworm246,Kay,Vaughn,K.Vaughn91@yahoo.com
 audiophile789,Lindsey,Bowman,L.Bowman70@outlook.com
 testimonialuser2,Philip,Dooley,P.Dooley30@gmail.com
 shopper4567,Rachel,Acker,R.Acker1@gmail.com
 musiclover1234,Berniece,Woodhouse,B.Woodhouse43@gmail.com
 user98765,Rebekah,Carrillo,R.Carrillo83@yahoo.com
 traveler789,Paula,May,P.May47@gmail.com
 foodlover2468,Audrey,Collins,A.Collins80@outlook.com
 nostalgiacat123,James,Wilcox,J.Wilcox80@gmail.com
 user12345,Edward,Spasiano,E.Spasiano32@yahoo.com
 foodlover246,Peggy,Murrah,P.Murrah14@yahoo.com
 tvfan123,William,Martin,W.Martin45@yahoo.com
 musicenthusiast1,Dorothy,Brownlee,D.Brownlee55@yahoo.com
 user2468,Arnold,Smith,A.Smith10@gmail.com
 thrillseeker3,Terrence,Maeder,T.Maeder27@yahoo.com
 buyer1234,Jack,Curtis,J.Curtis77@gmail.com
 artlover123,George,Choquette,G.Choquette41@outlook.com
 foodcritic246,Annie,Robinson,A.Robinson38@gmail.com
 relaxmusiclover,Kathryn,Pogue,K.Pogue33@gmail.com
 happyuser123,Jordan,Gonzalas,J.Gonzalas57@yahoo.com
 travelenthusiast2,Robert,Morgan,R.Morgan4@outlook.com
 shopper567,Thomas,Sipe,T.Sipe88@outlook.com
 bookworm7890,Patricia,Shade,P.Shade59@outlook.com
 happyshopper1,Lisa,Agnello,L.Agnello9@yahoo.com
ilovewater,Michael,Starkes,J.Gearheart4@outlook.com
waterdrinker,Dorothy,Oshiro,K.Marsh68@yahoo.com
h2oAdvocate,Selma,Pfeifer,T.Blanco18@yahoo.com
waterlover,Robert,Green,F.Oliver55@yahoo.com
